{
  "swagger": "2.0",
  "info": {
    "version": "1.0.9-abcd",
    "title": "Swagger Sample API",
    "description": "A sample API that uses a petstore as an example to demonstrate features in the swagger-2.0 specification",
    "termsOfService": "http://swagger.io/terms/",
    "contact": {
      "name": "Swagger API Team",
      "url": "http://swagger.io"
    },
    "license": {
      "name": "Creative Commons 4.0 International",
      "url": "http://creativecommons.org/licenses/by/4.0/"
    }
  },
  "host": "my.api.com",
  "basePath": "/v1",
  "schemes": [
    "http",
    "https"
  ],
  "consumes": [
    "application/json"
  ],
  "produces": [
    "application/json",
    "application/xml"
  ],
  "paths": {
    "/pets/{petId}": {
      "$ref": "https://raw.githubusercontent.com/swagger-api/swagger-spec/master/fixtures/v2.0/json/resources/resourceWithLinkedDefinitions_part1.json"
    }
  },
  "definitions": {
    "Pet": {
      "required": [
        "name"
      ],
      "properties": {
        "name": {
          "type": "string"
        },
        "tag": {
          "type": "string"
        }
      }
    },
    "ErrorModel": {
      "required": [ "code", "message" ],
      "properties": {
        "code": {
          "type": "integer",
          "format": "int32"
        },
        "message": {
          "type": "string"
        }
      }
    }
  }
}
