{
  "description": "Returns a pet based on ID",
  "summary": "Find pet by ID",
  "operationId": "getPetsById",
  "tags": [ "foo", "bar"],
  "produces": [
    "application/json",
    "text/html"
  ],
  "parameters": [
    {
      "name": "petId",
      "in": "path",
      "description": "ID of pet that needs to be fetched",
      "required": true,
      "type": "integer",
      "format": "int64"        
    }
  ],
  "responses": {
    "200": {
      "description": "a pet to be returned",
      "schema": {"$ref": "#/definitions/Pet"}
    },
    "default": {
      "description": "Unexpected error",
      "schema": {"$ref": "#/definitions/ErrorModel"}
    }
  }
}